{"cameraMode":{"drawMode":0,"name":"Shaded","section":"Shading Mode"},"sceneLighting":true,"audioPlay":false,"sceneViewState":{"m_AlwaysRefresh":false,"showFog":true,"showSkybox":true,"showFlares":true,"showImageEffects":true,"showParticleSystems":true,"showVisualEffectGraphs":true,"m_FxEnabled":true},"in2DMode":false,"pivot":{"x":-1.4064823389053345,"y":4.344733715057373,"z":0.23445986211299897},"rotation":{"x":0.2948321998119354,"y":-0.6921706199645996,"z":0.37850600481033327,"w":0.5392028093338013},"size":6.865251064300537,"orthographic":false}